<?xml version="1.0"?>
<doc>
    <assembly>
        <name>Onbox.Mvc.Revit.Abstractions</name>
    </assembly>
    <members>
        <member name="T:Onbox.Mvc.Revit.Abstractions.V8.IRevitMvcViewBase">
            <summary>
            Provides specific Revit functionaliy to <see cref="T:Onbox.Mvc.Abstractions.V8.IMvcView"/> like set Revit as parent window and Title Bar visibility
            </summary>
        </member>
        <member name="M:Onbox.Mvc.Revit.Abstractions.V8.IRevitMvcViewBase.SetTitleVisibility(Onbox.Mvc.V8.TitleVisibility)">
            <summary>
            Tells how to display this windows's Title Bar, Minimize, and Maximize buttons
            </summary>
        </member>
    </members>
</doc>
